1,5,0,0,0,0,2016-03-01 09:35:43.0
2,1,0,0,0,0,2016-03-01 09:35:43.0
3,2,0,0,0,0,2016-03-01 09:35:43.0
4,3,0,0,0,0,2016-03-01 09:35:44.0
5,4,0,0,0,0,2016-03-01 09:35:45.0
6,5,0,0,0,0,2016-03-01 09:35:48.0
7,1,0,0,0,0,2016-03-01 09:35:48.0
8,2,0,0,0,0,2016-03-01 09:35:48.0
9,3,0,0,0,0,2016-03-01 09:35:49.0
10,4,0,0,0,0,2016-03-01 09:35:50.0
11,5,0,0,0,0,2016-03-01 09:35:53.0
12,1,0,0,0,0,2016-03-01 09:35:53.0
13,2,0,0,0,0,2016-03-01 09:35:53.0
14,3,0,0,0,0,2016-03-01 09:35:54.0
15,4,0,0,0,0,2016-03-01 09:35:55.0
16,5,0,0,0,0,2016-03-01 09:35:58.0
17,1,0,0,0,0,2016-03-01 09:35:58.0
18,2,0,0,0,0,2016-03-01 09:35:58.0
19,3,0,0,0,0,2016-03-01 09:35:59.0
20,4,0,0,0,0,2016-03-01 09:36:00.0
21,5,0,0,0,0,2016-03-01 09:36:03.0
22,1,0,0,0,0,2016-03-01 09:36:03.0
23,2,0,0,0,0,2016-03-01 09:36:03.0
24,3,0,0,0,0,2016-03-01 09:36:04.0
25,4,0,0,0,0,2016-03-01 09:36:05.0
26,5,0,0,0,0,2016-03-01 09:36:08.0
27,1,1,0,0,0,2016-03-01 09:36:08.0
28,2,0,0,0,0,2016-03-01 09:36:08.0
29,3,0,0,0,0,2016-03-01 09:36:09.0
30,4,1,0,0,0,2016-03-01 09:36:10.0
31,5,0,0,0,0,2016-03-01 09:36:13.0
32,1,0,0,0,0,2016-03-01 09:36:13.0
33,2,0,0,0,0,2016-03-01 09:36:13.0
34,3,0,0,0,0,2016-03-01 09:36:14.0
35,4,1,0,0,0,2016-03-01 09:36:15.0
36,5,0,0,0,0,2016-03-01 09:36:18.0
37,1,0,0,0,0,2016-03-01 09:36:18.0
38,2,1,0,0,0,2016-03-01 09:36:18.0
39,3,1,0,0,0,2016-03-01 09:36:19.0
40,4,1,0,0,0,2016-03-01 09:36:20.0
41,5,0,0,0,0,2016-03-01 09:36:23.0
42,1,0,0,0,0,2016-03-01 09:36:23.0
43,2,1,0,0,0,2016-03-01 09:36:23.0
44,3,1,0,0,0,2016-03-01 09:36:24.0
45,4,1,0,0,0,2016-03-01 09:36:25.0
46,5,0,0,0,0,2016-03-01 09:36:28.0
47,1,0,0,0,0,2016-03-01 09:36:28.0
48,2,1,0,0,0,2016-03-01 09:36:28.0
49,3,1,0,0,0,2016-03-01 09:36:29.0
50,4,1,0,0,0,2016-03-01 09:36:30.0
51,5,0,0,0,0,2016-03-01 09:36:33.0
52,1,0,0,0,0,2016-03-01 09:36:33.0
53,2,1,0,0,0,2016-03-01 09:36:33.0
54,3,1,0,0,0,2016-03-01 09:36:34.0
55,4,0,0,0,0,2016-03-01 09:36:35.0
56,5,0,0,0,0,2016-03-01 09:36:38.0
57,1,0,0,0,0,2016-03-01 09:36:38.0
58,2,1,0,0,0,2016-03-01 09:36:38.0
59,3,1,0,0,0,2016-03-01 09:36:39.0
60,4,0,0,0,0,2016-03-01 09:36:40.0
61,5,0,0,0,0,2016-03-01 09:36:43.0
62,1,0,0,0,0,2016-03-01 09:36:43.0
63,2,1,0,0,0,2016-03-01 09:36:43.0
64,3,1,0,0,0,2016-03-01 09:36:44.0
65,4,0,0,0,0,2016-03-01 09:36:45.0
66,5,0,0,0,0,2016-03-01 09:36:48.0
67,1,0,0,0,0,2016-03-01 09:36:48.0
68,2,1,0,0,0,2016-03-01 09:36:48.0
69,3,1,1,0,0,2016-03-01 09:36:49.0
70,4,0,0,0,0,2016-03-01 09:36:50.0
71,5,0,0,0,0,2016-03-01 09:36:53.0
72,1,0,0,0,0,2016-03-01 09:36:53.0
73,2,1,0,0,0,2016-03-01 09:36:53.0
74,3,1,0,0,0,2016-03-01 09:36:54.0
75,4,0,0,0,0,2016-03-01 09:36:55.0
76,5,0,0,0,0,2016-03-01 09:36:58.0
77,1,0,0,0,0,2016-03-01 09:36:58.0
78,2,1,1,0,0,2016-03-01 09:36:58.0
79,3,1,0,0,0,2016-03-01 09:36:59.0
80,4,0,0,0,0,2016-03-01 09:37:00.0
81,5,0,0,0,0,2016-03-01 09:37:03.0
82,1,0,0,0,0,2016-03-01 09:37:03.0
83,2,1,1,0,0,2016-03-01 09:37:03.0
84,3,1,0,0,0,2016-03-01 09:37:04.0
85,4,0,0,0,0,2016-03-01 09:37:05.0
86,5,0,0,0,0,2016-03-01 09:37:08.0
87,1,0,0,0,0,2016-03-01 09:37:08.0
88,2,1,1,0,0,2016-03-01 09:37:08.0
89,3,1,0,0,0,2016-03-01 09:37:09.0
90,4,0,0,0,0,2016-03-01 09:37:10.0
91,5,0,0,0,0,2016-03-01 09:37:13.0
92,1,0,0,0,0,2016-03-01 09:37:13.0
93,2,1,0,0,0,2016-03-01 09:37:13.0
94,3,1,0,0,0,2016-03-01 09:37:14.0
95,4,0,0,0,0,2016-03-01 09:37:15.0
96,5,0,0,0,0,2016-03-01 09:37:18.0
97,1,0,0,0,0,2016-03-01 09:37:18.0
98,2,1,1,0,0,2016-03-01 09:37:18.0
99,3,1,0,0,0,2016-03-01 09:37:19.0
100,4,0,0,0,0,2016-03-01 09:37:20.0
101,5,0,0,0,0,2016-03-01 09:38:17.0
102,1,0,0,0,0,2016-03-01 09:38:18.0
103,2,1,0,0,0,2016-03-01 09:38:20.0
104,3,0,0,0,0,2016-03-01 09:38:21.0
105,4,0,0,0,0,2016-03-01 09:38:21.0
106,5,0,0,0,0,2016-03-01 09:38:22.0
107,1,0,0,0,0,2016-03-01 09:38:23.0
108,2,1,0,0,0,2016-03-01 09:38:25.0
109,3,0,0,0,0,2016-03-01 09:38:26.0
110,4,0,0,0,0,2016-03-01 09:38:26.0
111,5,0,0,0,0,2016-03-01 09:38:27.0
112,1,0,0,0,0,2016-03-01 09:38:28.0
113,2,1,0,0,0,2016-03-01 09:38:30.0
114,3,0,0,0,0,2016-03-01 09:38:31.0
115,4,0,0,0,0,2016-03-01 09:38:31.0
116,5,0,0,0,0,2016-03-01 09:38:32.0
117,1,0,0,0,0,2016-03-01 09:38:33.0
118,2,1,0,0,0,2016-03-01 09:38:35.0
119,3,0,0,0,0,2016-03-01 09:38:36.0
120,4,0,0,0,0,2016-03-01 09:38:36.0
121,5,0,0,0,0,2016-03-01 09:38:37.0
122,1,0,0,0,0,2016-03-01 09:38:38.0
123,2,1,1,0,0,2016-03-01 09:38:40.0
124,3,0,0,0,0,2016-03-01 09:38:41.0
125,4,0,0,0,0,2016-03-01 09:38:41.0
126,5,0,0,0,0,2016-03-01 09:38:42.0
127,1,0,0,0,0,2016-03-01 09:38:43.0
128,2,1,1,0,0,2016-03-01 09:38:45.0
129,3,0,0,0,0,2016-03-01 09:38:46.0
130,4,1,0,0,0,2016-03-01 09:38:46.0
131,5,0,0,0,0,2016-03-01 09:38:47.0
132,1,1,0,0,0,2016-03-01 09:38:48.0
133,2,1,1,0,0,2016-03-01 09:38:50.0
134,3,1,0,0,0,2016-03-01 09:38:51.0
135,4,1,0,0,0,2016-03-01 09:38:51.0
136,5,0,0,0,0,2016-03-01 09:38:52.0
137,1,1,0,0,0,2016-03-01 09:38:53.0
138,2,1,0,0,0,2016-03-01 09:38:55.0
139,3,1,0,0,0,2016-03-01 09:38:56.0
140,4,1,0,0,0,2016-03-01 09:38:56.0
141,5,0,0,0,0,2016-03-01 09:38:57.0
142,1,1,0,0,0,2016-03-01 09:38:58.0
143,2,1,0,0,0,2016-03-01 09:39:00.0
144,3,1,0,0,0,2016-03-01 09:39:01.0
145,4,1,0,0,0,2016-03-01 09:39:01.0
146,5,0,0,0,0,2016-03-01 09:39:02.0
147,1,1,0,0,0,2016-03-01 09:39:03.0
148,2,1,0,0,0,2016-03-01 09:39:05.0
149,3,1,0,0,0,2016-03-01 09:39:06.0
150,4,1,0,0,0,2016-03-01 09:39:06.0
151,5,0,0,0,0,2016-03-01 09:39:07.0
152,1,1,0,0,0,2016-03-01 09:39:08.0
153,2,1,0,0,0,2016-03-01 09:39:10.0
154,3,1,0,0,0,2016-03-01 09:39:11.0
155,4,1,0,0,0,2016-03-01 09:39:11.0
156,5,0,0,0,0,2016-03-01 09:39:12.0
157,1,1,0,0,0,2016-03-01 09:39:13.0
158,2,1,0,0,0,2016-03-01 09:39:15.0
159,3,1,0,0,0,2016-03-01 09:39:16.0
160,4,1,0,0,0,2016-03-01 09:39:16.0
161,5,0,0,0,0,2016-03-01 09:39:17.0
162,1,1,0,0,0,2016-03-01 09:39:18.0
163,2,1,0,0,0,2016-03-01 09:39:20.0
164,3,1,0,0,0,2016-03-01 09:39:21.0
165,4,1,0,0,0,2016-03-01 09:39:21.0
166,5,0,0,0,0,2016-03-01 09:39:22.0
167,1,0,0,0,0,2016-03-01 09:39:23.0
168,2,1,0,0,0,2016-03-01 09:39:25.0
169,3,1,1,0,0,2016-03-01 09:39:26.0
170,4,1,1,0,0,2016-03-01 09:39:26.0
171,5,0,0,0,0,2016-03-01 09:39:27.0
172,1,0,0,0,0,2016-03-01 09:39:28.0
173,2,1,0,0,0,2016-03-01 09:39:30.0
174,3,1,0,0,0,2016-03-01 09:39:31.0
175,4,1,1,0,0,2016-03-01 09:39:31.0
176,5,0,0,0,0,2016-03-01 09:39:32.0
177,1,0,0,0,0,2016-03-01 09:39:33.0
178,2,1,0,0,0,2016-03-01 09:39:35.0
179,3,1,0,0,0,2016-03-01 09:39:36.0
180,4,1,1,0,0,2016-03-01 09:39:36.0
181,5,0,0,0,0,2016-03-01 09:39:37.0
182,1,0,0,0,0,2016-03-01 09:39:38.0
183,2,1,1,0,0,2016-03-01 09:39:40.0
184,3,1,0,0,0,2016-03-01 09:39:41.0
185,4,1,1,0,0,2016-03-01 09:39:41.0
186,5,0,0,0,0,2016-03-01 09:39:42.0
187,1,0,0,0,0,2016-03-01 09:39:43.0
188,2,1,1,0,0,2016-03-01 09:39:45.0
189,3,0,0,0,0,2016-03-01 09:39:46.0
190,4,1,1,0,0,2016-03-01 09:39:46.0
191,5,0,0,0,0,2016-03-01 09:39:47.0
192,1,0,0,0,0,2016-03-01 09:39:48.0
193,5,0,0,0,0,2016-03-01 09:41:12.0
194,1,1,0,0,0,2016-03-01 09:41:14.0
195,2,1,0,0,0,2016-03-01 09:41:16.0
196,3,1,1,0,0,2016-03-01 09:41:17.0
197,5,0,0,0,0,2016-03-01 09:41:17.0
198,1,1,0,0,0,2016-03-01 09:41:19.0
199,2,1,0,0,0,2016-03-01 09:41:21.0
200,3,1,1,0,0,2016-03-01 09:41:22.0
201,4,1,0,0,0,2016-03-01 09:41:23.0
202,5,0,0,0,0,2016-03-01 09:41:23.0
203,1,1,0,0,0,2016-03-01 09:41:24.0
204,2,1,0,0,0,2016-03-01 09:41:26.0
205,3,1,1,0,0,2016-03-01 09:41:27.0
206,5,0,0,0,0,2016-03-01 09:41:27.0
207,4,1,0,0,0,2016-03-01 09:41:27.0
208,1,1,0,0,0,2016-03-01 09:41:29.0
209,2,1,0,0,0,2016-03-01 09:41:31.0
210,3,1,1,0,0,2016-03-01 09:41:32.0
211,5,0,0,0,0,2016-03-01 09:41:32.0
212,4,1,0,0,0,2016-03-01 09:41:32.0
213,1,1,0,0,0,2016-03-01 09:41:34.0
214,2,1,0,0,0,2016-03-01 09:41:36.0
215,3,1,1,0,0,2016-03-01 09:41:37.0
216,5,0,0,0,0,2016-03-01 09:41:37.0
217,4,1,0,0,0,2016-03-01 09:41:38.0
218,1,0,0,0,0,2016-03-01 09:41:39.0
219,2,1,1,0,0,2016-03-01 09:41:41.0
220,3,1,0,0,0,2016-03-01 09:41:42.0
221,5,0,0,0,0,2016-03-01 09:41:42.0
222,4,1,0,0,0,2016-03-01 09:41:42.0
223,1,0,0,0,0,2016-03-01 09:41:44.0
224,2,1,1,0,0,2016-03-01 09:41:46.0
225,3,1,1,0,0,2016-03-01 09:41:47.0
226,5,0,0,0,0,2016-03-01 09:41:47.0
227,4,1,1,0,0,2016-03-01 09:41:47.0
228,1,0,0,0,0,2016-03-01 09:41:49.0
229,5,0,0,0,0,2016-03-01 09:46:08.0
230,5,0,0,0,0,2016-03-01 09:46:13.0
231,1,1,0,0,0,2016-03-01 09:46:14.0
232,2,1,1,0,0,2016-03-01 09:46:15.0
233,5,0,0,0,0,2016-03-01 09:46:18.0
234,3,1,1,1,0,2016-03-01 09:46:18.0
235,1,1,0,0,0,2016-03-01 09:46:19.0
236,4,1,1,1,0,2016-03-01 09:46:20.0
237,2,1,1,0,0,2016-03-01 09:46:20.0
238,5,0,0,0,0,2016-03-01 09:46:23.0
239,3,1,1,1,0,2016-03-01 09:46:23.0
240,1,1,0,0,0,2016-03-01 09:46:24.0
241,4,1,1,1,0,2016-03-01 09:46:25.0
242,2,1,1,0,0,2016-03-01 09:46:25.0
243,5,0,0,0,0,2016-03-01 09:46:28.0
244,3,1,1,1,0,2016-03-01 09:46:28.0
245,1,1,0,0,0,2016-03-01 09:46:29.0
246,4,1,1,1,0,2016-03-01 09:46:30.0
247,2,1,1,0,0,2016-03-01 09:46:30.0
248,5,0,0,0,0,2016-03-01 09:46:33.0
249,3,1,1,0,0,2016-03-01 09:46:33.0
250,1,1,0,0,0,2016-03-01 09:46:34.0
251,4,1,1,1,0,2016-03-01 09:46:35.0
252,2,1,1,0,0,2016-03-01 09:46:35.0
253,5,0,0,0,0,2016-03-01 09:46:38.0
254,3,1,1,0,0,2016-03-01 09:46:38.0
255,1,1,1,0,0,2016-03-01 09:46:39.0
256,4,1,1,1,0,2016-03-01 09:46:40.0
257,2,1,1,1,0,2016-03-01 09:46:40.0
258,5,0,0,0,0,2016-03-01 09:53:46.0
259,1,1,1,0,0,2016-03-01 09:53:47.0
260,2,1,1,1,0,2016-03-01 09:53:48.0
261,3,1,1,1,0,2016-03-01 09:53:51.0
262,5,0,0,0,0,2016-03-01 09:53:51.0
263,4,1,1,1,0,2016-03-01 09:53:52.0
264,1,1,1,0,0,2016-03-01 09:53:52.0
265,2,1,1,0,0,2016-03-01 09:53:53.0
266,3,1,1,1,0,2016-03-01 09:53:56.0
267,5,0,0,0,0,2016-03-01 09:53:56.0
268,4,1,1,1,0,2016-03-01 09:53:57.0
269,1,1,0,0,0,2016-03-01 09:53:57.0
270,2,1,1,0,0,2016-03-01 09:53:58.0
271,3,1,1,1,0,2016-03-01 09:54:01.0
272,5,0,0,0,0,2016-03-01 09:54:01.0
273,4,1,1,1,0,2016-03-01 09:54:02.0
274,1,1,0,0,0,2016-03-01 09:54:02.0
275,2,1,1,0,0,2016-03-01 09:54:03.0
276,3,1,1,1,0,2016-03-01 09:54:06.0
277,5,0,0,0,0,2016-03-01 09:54:06.0
278,4,1,1,1,0,2016-03-01 09:54:07.0
279,1,1,0,0,0,2016-03-01 09:54:07.0
280,2,1,1,0,0,2016-03-01 09:54:08.0
281,3,1,1,1,1,2016-03-01 09:54:11.0
282,5,0,0,0,0,2016-03-01 09:54:11.0
283,4,1,1,1,0,2016-03-01 09:54:12.0
284,1,1,0,0,0,2016-03-01 09:54:12.0
285,2,1,1,0,0,2016-03-01 09:54:13.0
286,3,1,1,1,1,2016-03-01 09:54:16.0
287,5,0,0,0,0,2016-03-01 09:54:16.0
288,4,1,1,1,0,2016-03-01 09:54:17.0
289,1,1,0,0,0,2016-03-01 09:54:17.0
290,2,1,1,0,0,2016-03-01 09:54:18.0
291,3,1,1,1,1,2016-03-01 09:54:21.0
292,5,0,0,0,0,2016-03-01 09:54:21.0
293,5,0,0,0,0,2016-03-01 09:55:22.0
294,5,0,0,0,0,2016-03-01 09:55:27.0
295,5,0,0,0,0,2016-03-01 09:55:32.0
296,1,1,1,0,0,2016-03-01 09:55:35.0
297,2,1,1,1,0,2016-03-01 09:55:36.0
298,5,0,0,0,0,2016-03-01 09:55:37.0
299,3,1,1,1,0,2016-03-01 09:55:37.0
300,4,1,1,1,0,2016-03-01 09:55:38.0
301,1,1,1,0,0,2016-03-01 09:55:40.0
302,2,1,1,1,0,2016-03-01 09:55:41.0
303,5,0,0,0,0,2016-03-01 09:55:42.0
304,3,1,1,1,0,2016-03-01 09:55:42.0
305,4,1,1,1,0,2016-03-01 09:55:43.0
306,1,1,1,0,0,2016-03-01 09:55:45.0
307,2,1,1,1,0,2016-03-01 09:55:46.0
308,5,0,0,0,0,2016-03-01 09:55:47.0
309,3,1,1,1,0,2016-03-01 09:55:47.0
310,4,1,1,1,0,2016-03-01 09:55:48.0
311,1,1,1,0,0,2016-03-01 09:55:50.0
312,2,1,1,1,0,2016-03-01 09:55:51.0
313,5,0,0,0,0,2016-03-01 09:55:52.0
314,3,1,1,1,0,2016-03-01 09:55:52.0
315,4,1,1,1,0,2016-03-01 09:55:53.0
316,1,1,1,0,0,2016-03-01 09:55:55.0
317,2,1,1,1,0,2016-03-01 09:55:56.0
318,5,0,0,0,0,2016-03-01 09:55:57.0
319,3,1,1,1,0,2016-03-01 09:55:57.0
320,4,1,1,1,0,2016-03-01 09:55:58.0
321,1,1,1,1,0,2016-03-01 09:56:00.0
322,2,1,1,1,0,2016-03-01 09:56:01.0
323,5,0,0,0,0,2016-03-01 09:56:02.0
324,3,1,1,1,1,2016-03-01 09:56:02.0
325,4,1,1,0,0,2016-03-01 09:56:03.0
326,1,1,1,1,0,2016-03-01 09:56:05.0
327,2,1,1,1,0,2016-03-01 09:56:06.0
328,5,0,0,0,0,2016-03-01 09:56:07.0
329,3,1,1,1,1,2016-03-01 09:56:07.0
330,4,1,1,0,0,2016-03-01 09:56:08.0
331,1,1,1,1,0,2016-03-01 09:56:10.0
332,2,1,1,1,0,2016-03-01 09:56:11.0
333,5,0,0,0,0,2016-03-01 09:56:12.0
334,3,1,1,1,1,2016-03-01 09:56:12.0
335,4,1,1,0,0,2016-03-01 09:56:13.0
336,1,1,1,1,0,2016-03-01 09:56:15.0
337,2,1,1,0,0,2016-03-01 09:56:16.0
338,5,0,0,0,0,2016-03-01 09:56:17.0
339,3,1,1,1,1,2016-03-01 09:56:17.0
340,4,1,1,0,0,2016-03-01 09:56:18.0
341,1,1,1,1,0,2016-03-01 09:56:20.0
342,2,1,1,0,0,2016-03-01 09:56:21.0
343,5,0,0,0,0,2016-03-01 09:56:22.0
344,3,1,1,1,1,2016-03-01 09:56:22.0
345,4,1,1,0,0,2016-03-01 09:56:23.0
346,5,0,0,0,0,2016-03-01 09:57:54.0
347,1,1,1,1,0,2016-03-01 09:57:56.0
348,2,1,1,1,0,2016-03-01 09:57:57.0
349,3,1,1,1,1,2016-03-01 09:57:59.0
350,5,0,0,0,0,2016-03-01 09:57:59.0
351,4,1,1,1,0,2016-03-01 09:58:00.0
352,1,1,1,1,0,2016-03-01 09:58:01.0
353,2,1,1,1,0,2016-03-01 09:58:02.0
354,3,1,1,1,1,2016-03-01 09:58:04.0
355,5,0,0,0,0,2016-03-01 09:58:04.0
356,4,1,1,1,0,2016-03-01 09:58:05.0
357,1,1,1,1,0,2016-03-01 09:58:06.0
358,2,1,1,1,0,2016-03-01 09:58:07.0
359,3,1,1,1,1,2016-03-01 09:58:09.0
360,5,0,0,0,0,2016-03-01 09:58:09.0
361,4,1,1,1,0,2016-03-01 09:58:10.0
362,1,1,1,1,0,2016-03-01 09:58:11.0
363,2,1,1,1,0,2016-03-01 09:58:12.0
364,3,1,1,1,1,2016-03-01 09:58:14.0
365,5,0,0,0,0,2016-03-01 09:58:14.0
366,4,1,1,1,0,2016-03-01 09:58:15.0
367,1,1,1,1,0,2016-03-01 09:58:16.0
368,2,1,1,1,0,2016-03-01 09:58:17.0
369,3,1,1,1,1,2016-03-01 09:58:19.0
370,5,0,0,0,0,2016-03-01 09:58:19.0
371,4,1,1,1,0,2016-03-01 09:58:20.0
372,1,1,1,1,1,2016-03-01 09:58:21.0
373,2,1,1,1,0,2016-03-01 09:58:22.0
374,3,1,1,1,1,2016-03-01 09:58:24.0
375,5,0,0,0,0,2016-03-01 09:58:24.0
376,4,1,1,1,0,2016-03-01 09:58:25.0
377,1,1,1,1,1,2016-03-01 09:58:26.0
378,2,1,1,1,0,2016-03-01 09:58:27.0
379,3,1,1,1,1,2016-03-01 09:58:29.0
380,5,0,0,0,0,2016-03-01 09:58:29.0
381,4,1,1,1,1,2016-03-01 09:58:30.0
382,1,1,1,1,1,2016-03-01 09:58:31.0
383,2,1,1,1,0,2016-03-01 09:58:32.0
384,3,1,1,1,0,2016-03-01 09:58:34.0
385,5,0,0,0,0,2016-03-01 09:58:34.0
386,4,1,1,1,1,2016-03-01 09:58:35.0
387,1,1,1,1,1,2016-03-01 09:58:36.0
388,2,1,1,1,0,2016-03-01 09:58:37.0
389,3,1,1,1,0,2016-03-01 09:58:39.0
390,5,0,0,0,0,2016-03-01 09:58:39.0
391,4,1,1,1,1,2016-03-01 09:58:40.0
392,1,1,1,1,1,2016-03-01 09:58:41.0
393,2,1,1,0,0,2016-03-01 09:58:42.0
394,3,1,1,1,0,2016-03-01 09:58:44.0
395,5,0,0,0,0,2016-03-01 09:58:44.0
396,4,1,1,1,1,2016-03-01 09:58:45.0
397,1,1,1,1,1,2016-03-01 09:58:46.0
398,2,1,1,0,0,2016-03-01 09:58:47.0
399,3,1,1,1,0,2016-03-01 09:58:49.0
400,5,0,0,0,0,2016-03-01 09:58:49.0
401,4,1,1,1,1,2016-03-01 09:58:50.0
402,1,1,1,1,1,2016-03-01 09:58:51.0
403,2,1,1,0,0,2016-03-01 09:58:52.0
404,3,1,1,1,0,2016-03-01 09:58:54.0
405,5,0,0,0,0,2016-03-01 09:58:54.0
406,4,1,1,1,1,2016-03-01 09:58:55.0
407,1,1,1,1,1,2016-03-01 09:58:56.0
408,2,1,1,0,0,2016-03-01 09:58:57.0
409,3,1,1,1,1,2016-03-01 09:58:59.0
410,5,0,0,0,0,2016-03-01 09:58:59.0
411,4,1,1,1,1,2016-03-01 09:59:00.0
412,1,1,1,1,1,2016-03-01 09:59:01.0
413,2,1,1,0,0,2016-03-01 09:59:02.0
414,3,1,1,1,1,2016-03-01 09:59:04.0
415,5,0,0,0,0,2016-03-01 09:59:04.0
416,4,1,1,1,1,2016-03-01 09:59:05.0
417,1,1,1,1,1,2016-03-01 09:59:06.0
418,2,1,1,0,0,2016-03-01 09:59:07.0
419,3,1,1,1,1,2016-03-01 09:59:09.0
420,5,0,0,0,0,2016-03-01 09:59:09.0
421,4,1,1,1,1,2016-03-01 09:59:10.0
422,1,1,1,1,1,2016-03-01 09:59:11.0
423,2,1,1,0,0,2016-03-01 09:59:12.0
424,3,1,1,1,1,2016-03-01 09:59:14.0
425,5,0,0,0,0,2016-03-01 09:59:14.0
426,4,1,1,1,1,2016-03-01 09:59:15.0
427,1,1,1,1,1,2016-03-01 09:59:16.0
428,2,1,1,1,0,2016-03-01 09:59:17.0
429,3,1,1,1,1,2016-03-01 09:59:19.0
430,5,0,0,0,0,2016-03-01 09:59:19.0
431,4,1,1,1,1,2016-03-01 09:59:20.0
432,1,1,1,1,0,2016-03-01 09:59:21.0
433,2,1,1,1,0,2016-03-01 09:59:22.0
434,3,1,1,1,1,2016-03-01 09:59:24.0
435,5,0,0,0,0,2016-03-01 09:59:24.0
436,4,1,1,1,1,2016-03-01 09:59:25.0
437,1,1,1,1,0,2016-03-01 09:59:26.0
438,2,1,1,1,0,2016-03-01 09:59:27.0
439,3,1,1,1,1,2016-03-01 09:59:29.0
440,5,0,0,0,0,2016-03-01 09:59:29.0
441,4,1,1,1,1,2016-03-01 09:59:30.0
442,1,1,1,1,0,2016-03-01 09:59:31.0
443,2,1,1,1,0,2016-03-01 09:59:32.0
444,3,1,1,1,1,2016-03-01 09:59:34.0
445,5,0,0,0,0,2016-03-01 09:59:34.0
446,4,1,1,1,1,2016-03-01 09:59:35.0
447,1,1,1,1,0,2016-03-01 09:59:36.0
448,2,1,1,1,0,2016-03-01 09:59:37.0
449,3,1,1,1,1,2016-03-01 09:59:39.0
450,5,0,0,0,0,2016-03-01 09:59:39.0
451,4,1,1,1,1,2016-03-01 09:59:40.0
452,1,1,1,1,0,2016-03-01 09:59:41.0
453,2,1,1,1,0,2016-03-01 09:59:42.0
454,3,1,1,1,1,2016-03-01 09:59:44.0
455,5,0,0,0,0,2016-03-01 09:59:44.0
456,4,1,1,1,1,2016-03-01 09:59:45.0
457,1,1,1,1,0,2016-03-01 09:59:46.0
458,2,1,1,1,1,2016-03-01 09:59:47.0
459,3,1,1,1,1,2016-03-01 09:59:49.0
460,5,0,0,0,0,2016-03-01 09:59:49.0
461,4,1,1,1,1,2016-03-01 09:59:50.0
462,1,1,1,0,0,2016-03-01 09:59:51.0
463,2,1,1,1,1,2016-03-01 09:59:52.0
464,3,1,1,1,1,2016-03-01 09:59:54.0
465,5,0,0,0,0,2016-03-01 09:59:54.0
466,4,1,1,1,0,2016-03-01 09:59:55.0
467,1,1,1,0,0,2016-03-01 09:59:56.0
468,2,1,1,1,1,2016-03-01 09:59:57.0
469,3,1,1,1,1,2016-03-01 09:59:59.0
470,5,0,0,0,0,2016-03-01 09:59:59.0
471,4,1,1,1,0,2016-03-01 10:00:00.0
472,1,1,1,1,0,2016-03-01 10:00:01.0
473,2,1,1,1,1,2016-03-01 10:00:02.0
474,3,1,1,1,1,2016-03-01 10:00:04.0
475,5,0,0,0,0,2016-03-01 10:00:04.0
476,4,1,1,1,0,2016-03-01 10:00:05.0
477,1,1,1,1,0,2016-03-01 10:00:06.0
478,2,1,1,1,1,2016-03-01 10:00:07.0
479,3,1,1,1,1,2016-03-01 10:00:09.0
480,5,0,0,0,0,2016-03-01 10:00:09.0
481,4,1,1,1,0,2016-03-01 10:00:10.0
482,1,1,1,1,0,2016-03-01 10:00:11.0
483,2,1,1,1,1,2016-03-01 10:00:12.0
484,3,1,1,1,1,2016-03-01 10:00:14.0
485,5,0,0,0,0,2016-03-01 10:00:14.0
486,4,1,1,1,0,2016-03-01 10:00:15.0
487,1,1,1,1,0,2016-03-01 10:00:16.0
488,2,1,1,1,1,2016-03-01 10:00:17.0
489,3,1,1,1,1,2016-03-01 10:00:19.0
490,5,0,0,0,0,2016-03-01 10:00:19.0
491,4,1,1,1,0,2016-03-01 10:00:20.0
492,1,1,1,1,0,2016-03-01 10:00:21.0
493,5,0,0,0,0,2016-03-01 10:01:46.0
494,5,0,0,0,0,2016-03-01 10:01:51.0
495,5,0,0,0,0,2016-03-01 10:01:56.0
496,5,0,0,0,0,2016-03-01 10:02:01.0
497,5,0,0,0,0,2016-03-01 10:02:06.0
498,1,1,1,1,1,2016-03-01 10:02:09.0
499,2,1,1,1,1,2016-03-01 10:02:10.0
500,5,0,0,0,0,2016-03-01 10:02:11.0
501,3,1,1,1,0,2016-03-01 10:02:13.0
502,1,1,1,1,1,2016-03-01 10:02:14.0
503,4,1,1,1,1,2016-03-01 10:02:14.0
504,2,1,1,1,1,2016-03-01 10:02:15.0
505,5,0,0,0,0,2016-03-01 10:02:16.0
506,3,1,1,1,0,2016-03-01 10:02:18.0
507,1,1,1,1,1,2016-03-01 10:02:19.0
508,4,1,1,1,1,2016-03-01 10:02:19.0
509,2,1,1,1,1,2016-03-01 10:02:20.0
510,5,0,0,0,0,2016-03-01 10:02:21.0
511,3,1,1,1,0,2016-03-01 10:02:23.0
512,1,1,1,1,1,2016-03-01 10:02:24.0
513,4,1,1,1,1,2016-03-01 10:02:24.0
514,2,1,1,1,1,2016-03-01 10:02:25.0
515,5,0,0,0,0,2016-03-01 10:02:26.0
516,3,1,1,1,0,2016-03-01 10:02:28.0
517,1,1,1,1,1,2016-03-01 10:02:29.0
518,4,1,1,1,1,2016-03-01 10:02:29.0
519,2,1,1,1,1,2016-03-01 10:02:30.0
520,5,0,0,0,0,2016-03-01 10:02:31.0
521,3,1,1,1,0,2016-03-01 10:02:33.0
522,1,1,1,1,1,2016-03-01 10:02:34.0
523,4,1,1,1,1,2016-03-01 10:02:34.0
524,2,1,1,1,1,2016-03-01 10:02:35.0
525,5,0,0,0,0,2016-03-01 10:02:36.0
526,5,1,1,1,1,2016-03-01 10:05:24.0
527,1,1,1,1,0,2016-03-01 10:05:25.0
528,2,1,1,1,0,2016-03-01 10:05:26.0
529,3,1,1,1,0,2016-03-01 10:05:27.0
530,4,1,1,1,0,2016-03-01 10:05:28.0
531,5,1,1,1,1,2016-03-01 10:05:29.0
532,1,1,1,1,0,2016-03-01 10:05:30.0
533,2,1,1,1,0,2016-03-01 10:05:31.0
534,3,1,1,1,0,2016-03-01 10:05:32.0
535,4,1,1,1,0,2016-03-01 10:05:33.0
536,5,1,1,1,0,2016-03-01 10:05:34.0
537,1,1,1,1,0,2016-03-01 10:05:35.0
538,2,1,1,1,0,2016-03-01 10:05:36.0
539,3,1,1,1,0,2016-03-01 10:05:37.0
540,4,1,1,1,0,2016-03-01 10:05:38.0
541,5,1,1,1,0,2016-03-01 10:05:39.0
542,1,1,1,1,0,2016-03-01 10:05:40.0
543,2,1,1,1,0,2016-03-01 10:05:41.0
544,3,1,1,1,0,2016-03-01 10:05:42.0
545,4,1,1,1,0,2016-03-01 10:05:43.0
546,5,1,1,1,0,2016-03-01 10:05:44.0
547,1,1,1,1,0,2016-03-01 10:05:45.0
548,2,1,1,1,0,2016-03-01 10:05:46.0
549,3,1,1,1,0,2016-03-01 10:05:47.0
550,4,1,1,1,0,2016-03-01 10:05:48.0
551,5,1,1,1,0,2016-03-01 10:05:49.0
552,1,1,1,1,0,2016-03-01 10:05:50.0
553,2,1,1,1,0,2016-03-01 10:05:51.0
554,3,1,1,1,1,2016-03-01 10:05:52.0
555,5,1,1,1,1,2016-03-01 10:06:16.0
556,1,1,1,1,0,2016-03-01 10:06:17.0
557,2,1,1,1,0,2016-03-01 10:06:18.0
558,3,1,1,1,0,2016-03-01 10:06:19.0
559,4,1,1,1,0,2016-03-01 10:06:19.0
560,5,1,1,1,1,2016-03-01 10:06:21.0
561,1,1,1,1,0,2016-03-01 10:06:22.0
562,2,1,1,1,0,2016-03-01 10:06:23.0
563,3,1,1,1,0,2016-03-01 10:06:24.0
564,4,1,1,1,0,2016-03-01 10:06:24.0
565,5,1,1,1,1,2016-03-01 10:06:26.0
566,1,1,1,1,0,2016-03-01 10:06:27.0
567,2,1,1,1,0,2016-03-01 10:06:28.0
568,3,1,1,1,0,2016-03-01 10:06:29.0
569,4,1,1,1,0,2016-03-01 10:06:29.0
570,5,1,1,1,1,2016-03-01 10:06:31.0
571,1,1,1,1,0,2016-03-01 10:06:32.0
572,2,1,1,1,0,2016-03-01 10:06:33.0
573,3,1,1,1,0,2016-03-01 10:06:34.0
574,4,1,1,1,0,2016-03-01 10:06:34.0
575,5,1,1,1,1,2016-03-01 10:06:36.0
576,5,1,1,1,1,2016-03-01 10:07:30.0
577,1,1,1,1,1,2016-03-01 10:07:33.0
578,5,1,1,1,1,2016-03-01 10:07:35.0
579,1,1,1,1,1,2016-03-01 10:07:38.0
580,5,1,1,1,1,2016-03-01 10:07:40.0
581,2,1,1,1,1,2016-03-01 10:07:42.0
582,3,1,1,1,1,2016-03-01 10:07:43.0
583,1,1,1,1,1,2016-03-01 10:07:43.0
584,5,1,1,1,0,2016-03-01 10:07:45.0
585,2,1,1,1,1,2016-03-01 10:07:47.0
586,3,1,1,1,1,2016-03-01 10:07:48.0
587,1,1,1,1,1,2016-03-01 10:07:48.0
588,5,1,1,1,0,2016-03-01 10:07:50.0
589,2,1,1,1,1,2016-03-01 10:07:52.0
590,3,1,1,1,1,2016-03-01 10:07:53.0
591,1,1,1,1,1,2016-03-01 10:07:53.0
592,5,1,1,1,0,2016-03-01 10:07:55.0
593,2,1,1,1,1,2016-03-01 10:07:57.0
594,3,1,1,1,1,2016-03-01 10:07:58.0
595,1,1,1,1,1,2016-03-01 10:07:58.0
596,5,1,1,1,0,2016-03-01 10:08:00.0
597,2,1,1,1,1,2016-03-01 10:08:02.0
598,3,1,1,1,1,2016-03-01 10:08:03.0
599,1,1,1,1,1,2016-03-01 10:08:03.0
600,5,1,1,1,0,2016-03-01 10:08:05.0
601,2,1,1,1,1,2016-03-01 10:08:07.0
602,3,1,1,1,1,2016-03-01 10:08:08.0
603,1,1,1,1,1,2016-03-01 10:08:08.0
604,5,1,1,1,0,2016-03-01 10:08:10.0
605,2,1,1,1,1,2016-03-01 10:08:12.0
606,3,1,1,1,1,2016-03-01 10:08:13.0
607,1,1,1,1,1,2016-03-01 10:08:13.0
608,5,1,1,1,0,2016-03-01 10:08:15.0
609,2,1,1,1,0,2016-03-01 10:08:17.0
610,3,1,1,1,1,2016-03-01 10:08:18.0
611,1,1,1,1,1,2016-03-01 10:08:18.0
612,5,1,1,1,1,2016-03-01 10:08:20.0
613,2,1,1,1,0,2016-03-01 10:08:22.0
614,3,1,1,1,1,2016-03-01 10:08:23.0
615,1,1,1,1,1,2016-03-01 10:08:23.0
616,5,1,1,1,1,2016-03-01 10:08:25.0
617,2,1,1,1,0,2016-03-01 10:08:27.0
618,3,1,1,1,1,2016-03-01 10:08:28.0
619,1,1,1,1,1,2016-03-01 10:08:28.0
620,5,1,1,1,1,2016-03-01 10:08:30.0
621,2,1,1,1,0,2016-03-01 10:08:32.0
622,3,1,1,1,1,2016-03-01 10:08:33.0
623,1,1,1,1,1,2016-03-01 10:08:33.0
624,5,1,1,1,1,2016-03-01 10:08:35.0
625,2,1,1,0,0,2016-03-01 10:08:37.0
626,3,1,1,1,1,2016-03-01 10:08:38.0
627,1,1,1,1,1,2016-03-01 10:08:38.0
628,5,1,1,1,0,2016-03-01 10:08:40.0
629,2,1,1,1,0,2016-03-01 10:08:42.0
630,3,1,1,1,1,2016-03-01 10:08:43.0
631,1,1,1,1,1,2016-03-01 10:08:43.0
632,5,1,1,1,0,2016-03-01 10:08:45.0
633,2,1,1,1,0,2016-03-01 10:08:47.0
634,3,1,1,1,1,2016-03-01 10:08:48.0
635,1,1,1,1,1,2016-03-01 10:08:48.0
636,5,1,1,1,0,2016-03-01 10:08:50.0
637,2,1,1,1,0,2016-03-01 10:08:52.0
638,3,1,1,1,1,2016-03-01 10:08:53.0
639,1,1,1,1,1,2016-03-01 10:08:53.0
640,5,1,1,1,0,2016-03-01 10:08:55.0
641,2,1,1,1,0,2016-03-01 10:08:57.0
642,3,1,1,1,1,2016-03-01 10:08:58.0
643,1,1,1,1,1,2016-03-01 10:08:58.0
644,5,1,1,0,0,2016-03-01 10:09:00.0
645,2,1,1,1,0,2016-03-01 10:09:02.0
646,3,1,1,1,1,2016-03-01 10:09:03.0
647,1,1,1,1,1,2016-03-01 10:09:03.0
648,5,1,1,0,0,2016-03-01 10:09:05.0
649,2,1,1,1,0,2016-03-01 10:09:07.0
650,3,1,1,1,1,2016-03-01 10:09:08.0
651,5,0,0,0,0,2016-03-01 10:31:39.0
652,1,1,1,1,0,2016-03-01 10:31:41.0
653,2,1,1,1,0,2016-03-01 10:31:42.0
654,3,1,1,1,1,2016-03-01 10:31:43.0
655,4,1,1,1,0,2016-03-01 10:31:43.0
656,5,0,0,0,0,2016-03-01 10:31:44.0
657,1,1,1,1,0,2016-03-01 10:31:46.0
658,2,1,1,1,0,2016-03-01 10:31:47.0
659,3,1,1,1,1,2016-03-01 10:31:48.0
660,4,1,1,1,0,2016-03-01 10:31:48.0
661,5,0,0,0,0,2016-03-01 10:31:49.0
662,1,1,1,1,0,2016-03-01 10:31:51.0
663,2,1,1,1,0,2016-03-01 10:31:52.0
664,3,1,1,1,1,2016-03-01 10:31:53.0
665,4,1,1,1,0,2016-03-01 10:31:53.0
666,5,0,0,0,0,2016-03-01 10:31:54.0
667,1,1,1,1,0,2016-03-01 10:31:56.0
668,2,1,1,1,0,2016-03-01 10:31:57.0
669,3,1,1,1,0,2016-03-01 10:31:58.0
670,4,1,1,1,1,2016-03-01 10:31:58.0
671,5,0,0,0,0,2016-03-01 10:31:59.0
672,1,1,1,1,0,2016-03-01 10:32:01.0
673,2,1,1,1,0,2016-03-01 10:32:02.0
674,3,1,1,1,0,2016-03-01 10:32:03.0
675,4,1,1,1,1,2016-03-01 10:32:03.0
676,5,0,0,0,0,2016-03-01 10:32:04.0
677,1,1,1,0,0,2016-03-01 10:32:06.0
678,2,1,1,1,0,2016-03-01 10:32:07.0
679,3,1,1,1,0,2016-03-01 10:32:08.0
680,4,1,1,1,1,2016-03-01 10:32:08.0
681,5,0,0,0,0,2016-03-01 10:32:09.0
682,1,1,1,0,0,2016-03-01 10:32:11.0
683,5,0,0,0,0,2016-03-01 10:59:42.0
684,1,1,1,1,0,2016-03-01 10:59:42.0
685,2,1,1,1,0,2016-03-01 10:59:43.0
686,3,1,1,1,1,2016-03-01 10:59:43.0
687,4,1,1,1,0,2016-03-01 10:59:44.0
688,5,0,0,0,0,2016-03-01 10:59:47.0
689,1,1,1,1,0,2016-03-01 10:59:47.0
690,2,1,1,1,0,2016-03-01 10:59:48.0
691,3,1,1,1,1,2016-03-01 10:59:48.0
692,4,1,1,1,0,2016-03-01 10:59:49.0
693,5,0,0,0,0,2016-03-01 10:59:52.0
694,1,1,1,1,0,2016-03-01 10:59:52.0
695,2,1,1,1,0,2016-03-01 10:59:53.0
696,3,1,1,1,1,2016-03-01 10:59:53.0
697,4,1,1,1,0,2016-03-01 10:59:54.0
698,5,0,0,0,0,2016-03-01 10:59:57.0
699,1,1,1,1,0,2016-03-01 10:59:57.0
700,2,1,1,1,0,2016-03-01 10:59:58.0
701,3,1,1,1,1,2016-03-01 10:59:58.0
702,4,1,1,1,0,2016-03-01 10:59:59.0
703,5,0,0,0,0,2016-03-01 11:00:02.0
704,1,1,1,1,0,2016-03-01 11:00:02.0
705,2,1,1,1,0,2016-03-01 11:00:03.0
706,3,1,1,1,1,2016-03-01 11:00:03.0
707,4,1,1,1,0,2016-03-01 11:00:04.0
708,5,0,0,0,0,2016-03-01 11:00:07.0
709,1,1,1,1,0,2016-03-01 11:00:07.0
710,2,1,1,1,0,2016-03-01 11:00:08.0
711,3,1,1,1,1,2016-03-01 11:00:08.0
712,4,1,1,1,0,2016-03-01 11:00:09.0
713,5,0,0,0,0,2016-03-01 11:00:12.0
714,1,1,1,1,0,2016-03-01 11:00:12.0
715,2,1,1,1,1,2016-03-01 11:00:13.0
716,3,1,1,1,1,2016-03-01 11:00:13.0
717,4,1,1,1,0,2016-03-01 11:00:14.0
718,1,0,0,0,0,2016-03-01 13:11:23.0
719,4,0,0,0,0,2016-03-01 13:11:23.0
720,3,0,0,0,0,2016-03-01 13:11:23.0
721,2,0,0,0,0,2016-03-01 13:11:24.0
722,5,0,0,0,0,2016-03-01 13:11:24.0
723,5,0,0,0,0,2016-03-01 13:11:28.0
724,4,0,0,0,0,2016-03-01 13:11:28.0
725,3,0,0,0,0,2016-03-01 13:11:28.0
726,2,0,0,0,0,2016-03-01 13:11:29.0
727,1,0,0,0,0,2016-03-01 13:11:29.0
728,5,0,0,0,0,2016-03-01 13:11:33.0
729,4,0,0,0,0,2016-03-01 13:11:33.0
730,3,0,0,0,0,2016-03-01 13:11:33.0
731,2,0,0,0,0,2016-03-01 13:11:34.0
732,1,0,0,0,0,2016-03-01 13:11:34.0
733,5,0,0,0,0,2016-03-01 13:11:38.0
734,4,0,0,0,0,2016-03-01 13:11:38.0
735,3,0,0,0,0,2016-03-01 13:11:38.0
736,2,0,0,0,0,2016-03-01 13:11:39.0
737,1,0,0,0,0,2016-03-01 13:11:39.0
738,5,0,0,0,0,2016-03-01 13:11:43.0
739,4,0,0,0,0,2016-03-01 13:11:43.0
740,3,0,0,0,0,2016-03-01 13:11:43.0
741,2,0,0,0,0,2016-03-01 13:11:44.0
742,1,0,0,0,0,2016-03-01 13:11:44.0
743,5,0,0,0,0,2016-03-01 13:11:48.0
744,3,1,0,0,0,2016-03-01 13:11:48.0
745,4,0,0,0,0,2016-03-01 13:11:49.0
746,2,0,0,0,0,2016-03-01 13:11:49.0
747,1,0,0,0,0,2016-03-01 13:11:49.0
748,5,0,0,0,0,2016-03-01 13:11:53.0
749,4,0,0,0,0,2016-03-01 13:11:53.0
750,3,1,0,0,0,2016-03-01 13:11:53.0
751,2,1,0,0,0,2016-03-01 13:11:54.0
752,1,1,0,0,0,2016-03-01 13:11:54.0
753,5,0,0,0,0,2016-03-01 13:11:58.0
754,4,1,0,0,0,2016-03-01 13:11:58.0
755,3,1,0,0,0,2016-03-01 13:11:58.0
756,2,1,0,0,0,2016-03-01 13:11:59.0
757,1,1,0,0,0,2016-03-01 13:11:59.0
758,5,0,0,0,0,2016-03-01 13:12:03.0
759,4,1,0,0,0,2016-03-01 13:12:03.0
760,3,1,0,0,0,2016-03-01 13:12:03.0
761,2,1,0,0,0,2016-03-01 13:12:04.0
762,1,1,0,0,0,2016-03-01 13:12:04.0
763,5,0,0,0,0,2016-03-01 13:12:08.0
764,4,0,0,0,0,2016-03-01 13:12:08.0
765,1,1,0,0,0,2016-03-01 13:12:08.0
766,3,1,0,0,0,2016-03-01 13:12:09.0
767,2,1,0,0,0,2016-03-01 13:12:09.0
768,5,0,0,0,0,2016-03-01 13:12:13.0
769,4,0,0,0,0,2016-03-01 13:12:13.0
770,3,1,0,0,0,2016-03-01 13:12:13.0
771,2,1,0,0,0,2016-03-01 13:12:14.0
772,1,1,0,0,0,2016-03-01 13:12:14.0
773,5,0,0,0,0,2016-03-01 13:12:18.0
774,4,0,0,0,0,2016-03-01 13:12:18.0
775,3,1,0,0,0,2016-03-01 13:12:18.0
776,2,1,0,0,0,2016-03-01 13:12:19.0
777,1,1,0,0,0,2016-03-01 13:12:19.0
778,5,0,0,0,0,2016-03-01 13:12:23.0
779,4,0,0,0,0,2016-03-01 13:12:23.0
780,3,1,1,0,0,2016-03-01 13:12:24.0
781,2,1,0,0,0,2016-03-01 13:12:24.0
782,1,1,0,0,0,2016-03-01 13:12:24.0
783,5,0,0,0,0,2016-03-01 13:12:28.0
784,4,0,0,0,0,2016-03-01 13:12:28.0
785,3,1,1,0,0,2016-03-01 13:12:28.0
786,2,1,0,0,0,2016-03-01 13:12:29.0
787,1,1,0,0,0,2016-03-01 13:12:29.0
788,5,0,0,0,0,2016-03-01 13:12:33.0
789,4,0,0,0,0,2016-03-01 13:12:33.0
790,3,1,1,0,0,2016-03-01 13:12:34.0
791,2,1,1,0,0,2016-03-01 13:12:34.0
792,1,1,0,0,0,2016-03-01 13:12:34.0
793,5,0,0,0,0,2016-03-01 13:12:38.0
794,4,0,0,0,0,2016-03-01 13:12:38.0
795,3,1,1,0,0,2016-03-01 13:12:38.0
796,2,1,1,0,0,2016-03-01 13:12:38.0
797,1,1,0,0,0,2016-03-01 13:12:39.0
798,5,0,0,0,0,2016-03-01 13:12:43.0
799,4,0,0,0,0,2016-03-01 13:12:43.0
800,3,1,1,0,0,2016-03-01 13:12:44.0
801,2,1,1,0,0,2016-03-01 13:12:44.0
802,1,1,0,0,0,2016-03-01 13:12:44.0
803,5,0,0,0,0,2016-03-01 13:12:48.0
804,4,0,0,0,0,2016-03-01 13:12:48.0
805,3,1,1,0,0,2016-03-01 13:12:49.0
806,2,1,1,0,0,2016-03-01 13:12:49.0
807,1,0,0,0,0,2016-03-01 13:12:49.0
808,5,0,0,0,0,2016-03-01 13:12:53.0
809,4,0,0,0,0,2016-03-01 13:12:53.0
810,3,1,1,0,0,2016-03-01 13:12:53.0
811,2,1,1,0,0,2016-03-01 13:12:54.0
812,1,0,0,0,0,2016-03-01 13:12:54.0
813,5,0,0,0,0,2016-03-01 13:12:58.0
814,4,0,0,0,0,2016-03-01 13:12:58.0
815,3,1,1,0,0,2016-03-01 13:12:58.0
816,2,1,1,0,0,2016-03-01 13:12:59.0
817,1,0,0,0,0,2016-03-01 13:12:59.0
818,5,0,0,0,0,2016-03-01 13:13:03.0
819,4,0,0,0,0,2016-03-01 13:13:03.0
820,3,1,1,0,0,2016-03-01 13:13:03.0
821,2,1,0,0,0,2016-03-01 13:13:04.0
822,1,0,0,0,0,2016-03-01 13:13:04.0
823,5,0,0,0,0,2016-03-01 13:13:08.0
824,4,0,0,0,0,2016-03-01 13:13:08.0
825,3,1,0,0,0,2016-03-01 13:13:09.0
826,2,1,0,0,0,2016-03-01 13:13:09.0
827,1,0,0,0,0,2016-03-01 13:13:09.0
828,5,0,0,0,0,2016-03-01 13:13:13.0
829,4,0,0,0,0,2016-03-01 13:13:13.0
830,3,1,0,0,0,2016-03-01 13:13:14.0
831,1,1,0,0,0,2016-03-01 13:13:14.0
832,2,1,0,0,0,2016-03-01 13:13:14.0
833,5,0,0,0,0,2016-03-01 13:13:18.0
834,3,1,0,0,0,2016-03-01 13:13:18.0
835,4,0,0,0,0,2016-03-01 13:13:18.0
836,2,1,0,0,0,2016-03-01 13:13:19.0
837,1,1,0,0,0,2016-03-01 13:13:19.0
838,5,0,0,0,0,2016-03-01 13:13:23.0
839,3,1,0,0,0,2016-03-01 13:13:23.0
840,4,0,0,0,0,2016-03-01 13:13:23.0
841,2,1,0,0,0,2016-03-01 13:13:24.0
842,1,1,0,0,0,2016-03-01 13:13:24.0
843,5,0,0,0,0,2016-03-01 13:13:28.0
844,4,1,0,0,0,2016-03-01 13:13:28.0
845,3,1,0,0,0,2016-03-01 13:13:28.0
846,2,0,0,0,0,2016-03-01 13:13:29.0
847,1,1,0,0,0,2016-03-01 13:13:29.0
848,5,1,0,0,0,2016-03-01 13:13:33.0
849,4,1,0,0,0,2016-03-01 13:13:33.0
850,3,1,0,0,0,2016-03-01 13:13:34.0
851,2,1,0,0,0,2016-03-01 13:13:34.0
852,1,1,0,0,0,2016-03-01 13:13:34.0
853,5,0,0,0,0,2016-03-01 13:13:38.0
854,1,1,0,0,0,2016-03-01 13:13:38.0
855,2,1,0,0,0,2016-03-01 13:13:38.0
856,3,1,0,0,0,2016-03-01 13:13:39.0
857,4,1,0,0,0,2016-03-01 13:13:39.0
858,5,0,0,0,0,2016-03-01 13:13:43.0
859,3,1,0,0,0,2016-03-01 13:13:44.0
860,4,1,0,0,0,2016-03-01 13:13:44.0
861,2,1,0,0,0,2016-03-01 13:13:44.0
862,1,1,0,0,0,2016-03-01 13:13:44.0
863,5,0,0,0,0,2016-03-01 13:13:48.0
864,1,0,0,0,0,2016-03-01 13:13:48.0
865,4,1,0,0,0,2016-03-01 13:13:49.0
866,3,1,0,0,0,2016-03-01 13:13:49.0
867,2,1,0,0,0,2016-03-01 13:13:49.0
868,5,0,0,0,0,2016-03-01 13:13:53.0
869,4,1,0,0,0,2016-03-01 13:13:53.0
870,3,1,0,0,0,2016-03-01 13:13:53.0
871,2,1,0,0,0,2016-03-01 13:13:54.0
872,1,0,0,0,0,2016-03-01 13:13:54.0
873,5,0,0,0,0,2016-03-01 13:13:58.0
874,4,1,1,0,0,2016-03-01 13:13:58.0
875,3,1,0,0,0,2016-03-01 13:13:59.0
876,2,1,0,0,0,2016-03-01 13:13:59.0
877,1,0,0,0,0,2016-03-01 13:13:59.0
878,5,0,0,0,0,2016-03-01 13:14:03.0
879,4,1,1,0,0,2016-03-01 13:14:03.0
880,3,1,0,0,0,2016-03-01 13:14:03.0
881,2,1,0,0,0,2016-03-01 13:14:04.0
882,1,0,0,0,0,2016-03-01 13:14:04.0
883,5,0,0,0,0,2016-03-01 13:14:08.0
884,4,1,1,0,0,2016-03-01 13:14:08.0
885,3,1,0,0,0,2016-03-01 13:14:08.0
886,2,1,0,0,0,2016-03-01 13:14:09.0
887,1,0,0,0,0,2016-03-01 13:14:09.0
888,5,0,0,0,0,2016-03-01 13:14:13.0
889,4,1,1,0,0,2016-03-01 13:14:13.0
890,3,1,0,0,0,2016-03-01 13:14:13.0
891,2,1,0,0,0,2016-03-01 13:14:14.0
892,1,0,0,0,0,2016-03-01 13:14:14.0
893,5,0,0,0,0,2016-03-01 13:14:18.0
894,4,1,1,0,0,2016-03-01 13:14:18.0
895,3,1,0,0,0,2016-03-01 13:14:19.0
896,2,1,1,0,0,2016-03-01 13:14:19.0
897,1,0,0,0,0,2016-03-01 13:14:19.0
898,5,0,0,0,0,2016-03-01 13:14:23.0
899,4,1,1,0,0,2016-03-01 13:14:23.0
900,3,1,0,0,0,2016-03-01 13:14:23.0
901,2,1,1,0,0,2016-03-01 13:14:24.0
902,1,0,0,0,0,2016-03-01 13:14:24.0
903,5,0,0,0,0,2016-03-01 13:14:28.0
904,4,1,1,0,0,2016-03-01 13:14:28.0
905,3,1,0,0,0,2016-03-01 13:14:28.0
906,2,1,1,0,0,2016-03-01 13:14:29.0
907,1,0,0,0,0,2016-03-01 13:14:29.0
908,5,0,0,0,0,2016-03-01 13:14:33.0
909,4,1,1,0,0,2016-03-01 13:14:33.0
910,3,1,0,0,0,2016-03-01 13:14:33.0
911,2,1,1,0,0,2016-03-01 13:14:34.0
912,1,0,0,0,0,2016-03-01 13:14:34.0
913,5,0,0,0,0,2016-03-01 13:14:38.0
914,4,1,1,0,0,2016-03-01 13:14:38.0
915,3,1,0,0,0,2016-03-01 13:14:39.0
916,2,1,0,0,0,2016-03-01 13:14:39.0
917,1,0,0,0,0,2016-03-01 13:14:39.0
918,5,0,0,0,0,2016-03-01 13:14:43.0
919,4,1,1,0,0,2016-03-01 13:14:44.0
920,1,1,0,0,0,2016-03-01 13:14:44.0
921,3,1,0,0,0,2016-03-01 13:14:44.0
922,2,1,0,0,0,2016-03-01 13:14:44.0
923,5,0,0,0,0,2016-03-01 13:14:48.0
924,4,1,0,0,0,2016-03-01 13:14:48.0
925,3,1,0,0,0,2016-03-01 13:14:49.0
926,2,1,0,0,0,2016-03-01 13:14:49.0
927,1,1,0,0,0,2016-03-01 13:14:49.0
928,5,0,0,0,0,2016-03-01 13:14:53.0
929,4,1,0,0,0,2016-03-01 13:14:53.0
930,3,1,1,0,0,2016-03-01 13:14:54.0
931,2,1,0,0,0,2016-03-01 13:14:54.0
932,1,1,0,0,0,2016-03-01 13:14:54.0
933,5,1,0,0,0,2016-03-01 13:14:58.0
934,4,0,0,0,0,2016-03-01 13:14:58.0
935,3,1,1,0,0,2016-03-01 13:14:59.0
936,2,1,0,0,0,2016-03-01 13:14:59.0
937,1,1,0,0,0,2016-03-01 13:14:59.0
938,5,1,0,0,0,2016-03-01 13:15:03.0
939,4,0,0,0,0,2016-03-01 13:15:03.0
940,3,1,1,0,0,2016-03-01 13:15:04.0
941,2,0,0,0,0,2016-03-01 13:15:04.0
942,1,1,0,0,0,2016-03-01 13:15:04.0
943,5,1,0,0,0,2016-03-01 13:15:08.0
944,4,0,0,0,0,2016-03-01 13:15:09.0
945,3,1,1,0,0,2016-03-01 13:15:09.0
946,2,0,0,0,0,2016-03-01 13:15:09.0
947,1,1,0,0,0,2016-03-01 13:15:09.0
948,5,1,0,0,0,2016-03-01 13:15:13.0
949,3,1,1,0,0,2016-03-01 13:15:13.0
950,4,0,0,0,0,2016-03-01 13:15:13.0
951,2,0,0,0,0,2016-03-01 13:15:14.0
952,1,1,0,0,0,2016-03-01 13:15:14.0
953,5,1,0,0,0,2016-03-01 13:15:18.0
954,3,1,0,0,0,2016-03-01 13:15:18.0
955,4,0,0,0,0,2016-03-01 13:15:19.0
956,2,0,0,0,0,2016-03-01 13:15:19.0
957,1,1,0,0,0,2016-03-01 13:15:19.0
958,5,1,0,0,0,2016-03-01 13:15:23.0
959,2,1,0,0,0,2016-03-01 13:15:24.0
960,1,0,0,0,0,2016-03-01 13:15:24.0
961,4,0,0,0,0,2016-03-01 13:15:24.0
962,3,1,0,0,0,2016-03-01 13:15:24.0
963,5,1,0,0,0,2016-03-01 13:15:28.0
964,4,1,0,0,0,2016-03-01 13:15:28.0
965,3,1,0,0,0,2016-03-01 13:15:29.0
966,2,1,0,0,0,2016-03-01 13:15:29.0
967,1,0,0,0,0,2016-03-01 13:15:29.0
968,5,1,0,0,0,2016-03-01 13:15:33.0
969,4,1,0,0,0,2016-03-01 13:15:33.0
970,3,1,0,0,0,2016-03-01 13:15:34.0
971,2,1,0,0,0,2016-03-01 13:15:34.0
972,1,0,0,0,0,2016-03-01 13:15:34.0
973,5,0,0,0,0,2016-03-01 13:15:38.0
974,3,0,0,0,0,2016-03-01 13:15:38.0
975,4,1,0,0,0,2016-03-01 13:15:39.0
976,2,1,0,0,0,2016-03-01 13:15:39.0
977,1,0,0,0,0,2016-03-01 13:15:39.0
978,5,1,0,0,0,2016-03-01 13:15:43.0
979,4,1,0,0,0,2016-03-01 13:15:44.0
980,3,0,0,0,0,2016-03-01 13:15:44.0
981,2,1,0,0,0,2016-03-01 13:15:44.0
982,1,0,0,0,0,2016-03-01 13:15:44.0
983,5,1,0,0,0,2016-03-01 13:15:48.0
984,2,1,1,0,0,2016-03-01 13:15:48.0
985,4,1,0,0,0,2016-03-01 13:15:49.0
986,3,0,0,0,0,2016-03-01 13:15:49.0
987,1,0,0,0,0,2016-03-01 13:15:49.0
988,5,1,0,0,0,2016-03-01 13:15:53.0
989,4,1,0,0,0,2016-03-01 13:15:53.0
990,3,0,0,0,0,2016-03-01 13:15:54.0
991,2,1,0,0,0,2016-03-01 13:15:54.0
992,1,0,0,0,0,2016-03-01 13:15:54.0
993,5,0,0,0,0,2016-03-01 13:15:58.0
994,4,1,1,0,0,2016-03-01 13:15:58.0
995,3,0,0,0,0,2016-03-01 13:15:59.0
996,2,1,0,0,0,2016-03-01 13:15:59.0
997,1,0,0,0,0,2016-03-01 13:15:59.0
998,5,0,0,0,0,2016-03-01 13:16:03.0
999,4,1,1,0,0,2016-03-01 13:16:03.0
1000,3,0,0,0,0,2016-03-01 13:16:03.0
1001,2,1,0,0,0,2016-03-01 13:16:04.0
1002,1,0,0,0,0,2016-03-01 13:16:04.0
1003,5,0,0,0,0,2016-03-02 22:26:38.0
1004,5,0,0,0,0,2016-03-02 22:26:58.0
1005,5,0,0,0,0,2016-03-02 22:27:18.0
1006,5,0,0,0,0,2016-03-02 22:27:38.0
1007,5,0,0,0,0,2016-03-02 22:27:58.0
1008,5,0,0,0,0,2016-03-02 22:28:34.0
1009,5,0,0,0,0,2016-03-02 22:28:54.0
1010,5,0,0,0,0,2016-03-02 22:29:14.0
1011,5,0,0,0,0,2016-03-02 22:29:34.0
1012,5,0,0,0,0,2016-03-02 22:30:35.0
1013,5,0,0,0,0,2016-03-02 22:39:33.0
1014,4,0,0,0,0,2016-03-02 22:39:33.0
1015,3,0,0,0,0,2016-03-02 22:39:33.0
1016,2,0,0,0,0,2016-03-02 22:39:33.0
1017,1,0,0,0,0,2016-03-02 22:39:33.0
1018,5,0,0,0,0,2016-03-02 22:39:53.0
1019,3,0,0,0,0,2016-03-02 22:39:53.0
1020,4,0,0,0,0,2016-03-02 22:39:53.0
1021,2,0,0,0,0,2016-03-02 22:39:53.0
1022,1,0,0,0,0,2016-03-02 22:39:53.0
1023,5,0,0,0,0,2016-03-02 22:40:13.0
1024,3,0,0,0,0,2016-03-02 22:40:13.0
1025,4,0,0,0,0,2016-03-02 22:40:13.0
1026,2,0,0,0,0,2016-03-02 22:40:13.0
1027,1,0,0,0,0,2016-03-02 22:40:13.0
1028,5,0,0,0,0,2016-03-02 22:40:33.0
1029,2,0,0,0,0,2016-03-02 22:40:33.0
1030,3,0,0,0,0,2016-03-02 22:40:33.0
1031,4,0,0,0,0,2016-03-02 22:40:33.0
1032,1,0,0,0,0,2016-03-02 22:40:33.0
1033,5,0,0,0,0,2016-03-02 22:40:53.0
1034,3,0,0,0,0,2016-03-02 22:40:53.0
1035,4,0,0,0,0,2016-03-02 22:40:53.0
1036,2,0,0,0,0,2016-03-02 22:40:53.0
1037,1,0,0,0,0,2016-03-02 22:40:53.0
1038,5,0,0,0,0,2016-03-02 22:41:13.0
1039,2,1,0,0,0,2016-03-02 22:41:13.0
1040,3,0,0,0,0,2016-03-02 22:41:13.0
1041,4,0,0,0,0,2016-03-02 22:41:13.0
1042,1,1,0,0,0,2016-03-02 22:41:13.0
1043,5,0,0,0,0,2016-03-02 22:41:33.0
1044,3,1,0,0,0,2016-03-02 22:41:33.0
1045,4,0,0,0,0,2016-03-02 22:41:33.0
1046,2,1,0,0,0,2016-03-02 22:41:33.0
1047,1,1,0,0,0,2016-03-02 22:41:33.0
1048,5,0,0,0,0,2016-03-02 22:41:53.0
1049,3,0,0,0,0,2016-03-02 22:41:53.0
1050,4,1,0,0,0,2016-03-02 22:41:53.0
1051,1,0,0,0,0,2016-03-02 22:41:53.0
1052,2,1,0,0,0,2016-03-02 22:41:53.0
1053,5,0,0,0,0,2016-03-02 22:42:13.0
1054,3,0,0,0,0,2016-03-02 22:42:13.0
1055,4,1,0,0,0,2016-03-02 22:42:13.0
1056,2,1,0,0,0,2016-03-02 22:42:13.0
1057,1,0,0,0,0,2016-03-02 22:42:13.0
1058,5,0,0,0,0,2016-03-02 22:42:25.0
1059,4,0,0,0,0,2016-03-02 22:42:25.0
1060,1,0,0,0,0,2016-03-02 22:42:25.0
1061,3,0,0,0,0,2016-03-02 22:42:25.0
1062,2,0,0,0,0,2016-03-02 22:42:25.0
1063,5,0,0,0,0,2016-03-02 22:54:40.0
1064,2,0,0,0,0,2016-03-02 22:54:49.0
1065,3,0,0,0,0,2016-03-02 22:54:50.0
1066,4,0,0,0,0,2016-03-02 22:54:52.0
1067,1,0,0,0,0,2016-03-02 22:54:54.0
1068,5,0,0,0,0,2016-03-02 22:55:00.0
1069,2,0,0,0,0,2016-03-02 22:55:09.0
1070,3,1,0,0,0,2016-03-02 22:55:11.0
1071,4,1,1,1,1,2016-03-02 22:55:13.0
1072,1,1,1,1,1,2016-03-02 22:55:15.0
1073,5,0,0,0,0,2016-03-02 22:55:20.0
1074,2,1,0,0,0,2016-03-02 22:55:29.0
1075,3,1,0,0,0,2016-03-02 22:55:33.0
1076,4,1,0,0,0,2016-03-02 22:55:34.0
1077,1,1,1,0,0,2016-03-02 22:55:35.0
1078,5,0,0,0,0,2016-03-02 22:55:40.0
1079,2,1,1,0,0,2016-03-02 22:55:49.0
1080,5,0,0,0,0,2016-03-02 22:56:00.0
1081,5,0,0,0,0,2016-03-02 22:56:20.0
1082,5,0,0,0,0,2016-03-02 22:56:40.0
1083,5,0,0,0,0,2016-03-02 22:57:00.0
1084,5,0,0,0,0,2016-03-02 22:57:20.0
1085,5,0,0,0,0,2016-03-02 22:57:40.0
1086,5,0,0,0,0,2016-03-02 22:58:00.0
1087,5,0,0,0,0,2016-03-02 22:58:20.0
1088,5,0,0,0,0,2016-03-02 22:58:40.0
1089,5,0,0,0,0,2016-03-02 22:59:00.0
1090,5,0,0,0,0,2016-03-02 22:59:20.0
1091,5,0,0,0,0,2016-03-02 22:59:40.0
1092,5,0,0,0,0,2016-03-02 23:00:00.0
1093,5,0,0,0,0,2016-03-02 23:00:20.0
1094,5,0,0,0,0,2016-03-02 23:00:40.0
1095,5,0,0,0,0,2016-03-02 23:01:00.0
1096,5,0,0,0,0,2016-03-02 23:01:20.0
1097,5,0,0,0,0,2016-03-02 23:01:40.0
1098,5,0,0,0,0,2016-03-02 23:02:00.0
1099,5,0,0,0,0,2016-03-02 23:02:20.0
1100,5,0,0,0,0,2016-03-02 23:02:40.0
1101,5,0,0,0,0,2016-03-02 23:03:00.0
1102,5,0,0,0,0,2016-03-02 23:03:20.0
1103,5,0,0,0,0,2016-03-02 23:03:40.0
1104,5,0,0,0,0,2016-03-02 23:04:00.0
1105,5,0,0,0,0,2016-03-02 23:04:20.0
1106,5,0,0,0,0,2016-03-02 23:04:40.0
